COID,name,copolymer_type,CUID_1,monomer_1_name,SMILES_1,CUID_2,monomer_2_name,SMILES_2,ratio_1,ratio_unit,Tg_C,Tg_method,Mn,Mw,reference,sample_id,notes
P900001,poly[(acrylic acid)-co-(butyl acrylate)],U,CU040006,PBA,CCCCOC(=O)C(C*)*,CU040001,PAA,*C(C(=O)O)C*,97,mol%,-42,DSC,,417600,"Kim, Hyun-Joong; Mizumachi, Hiroshi,Journal of Applied Polymer Science,58,10,1891-1899,1995",0014863-001-002-001,
P900002,poly[(acrylic acid)-co-(ethyl acrylate)],U,CU040003,poly(ethyl acrylate),CCOC(=O)C(C*)*,CU040001,PAA,*C(C(=O)O)C*,86,wt%,15,DMA,,,"Bott, R. H.; Kuphal, J. A.; Robeson, L. M.; Sagl, D.,Journal of Applied Polymer Science,58,9,1593-1605,1995",0014878-032-001-001,
P900002,poly[(acrylic acid)-co-(ethyl acrylate)],U,CU040003,poly(ethyl acrylate),CCOC(=O)C(C*)*,CU040001,PAA,*C(C(=O)O)C*,90,wt%,2,DSC,,,"Bott, R. H.; Kuphal, J. A.; Robeson, L. M.; Sagl, D.,Journal of Applied Polymer Science,58,9,1593-1605,1995",0014878-039-001-001,
P900002,poly[(acrylic acid)-co-(ethyl acrylate)],U,CU040003,poly(ethyl acrylate),CCOC(=O)C(C*)*,CU040001,PAA,*C(C(=O)O)C*,77,wt%,28,DSC,,,"Bott, R. H.; Kuphal, J. A.; Robeson, L. M.; Sagl, D.,Journal of Applied Polymer Science,58,9,1593-1605,1995",0014878-039-002-001,
P900002,poly[(acrylic acid)-co-(ethyl acrylate)],U,CU040003,poly(ethyl acrylate),CCOC(=O)C(C*)*,CU040001,PAA,*C(C(=O)O)C*,55,wt%,42,DSC,,,"Bott, R. H.; Kuphal, J. A.; Robeson, L. M.; Sagl, D.,Journal of Applied Polymer Science,58,9,1593-1605,1995",0014878-039-003-001,
P900003,poly[ethene-co-(acrylic acid)],U,CU040001,PAA,*C(C(=O)O)C*,CU010001,PE,*C*,,,-24,DSC,,,"Fawcett, A. H.; McNally, T.,Macromolecular Materials and Engineering,286,2,126-137,2001",0023400-002-001-001,
P900003,poly[ethene-co-(acrylic acid)],U,CU040001,PAA,*C(C(=O)O)C*,CU010001,PE,*C*,,,-6,DSC,,,"Fawcett, A. H.; McNally, T.,Macromolecular Materials and Engineering,286,2,126-137,2001",0023400-003-001-001,
P900003,poly[ethene-co-(acrylic acid)],U,CU040001,PAA,*C(C(=O)O)C*,CU010001,PE,*C*,,,0,DSC,,,"Fawcett, A. H.; McNally, T.,Macromolecular Materials and Engineering,286,2,126-137,2001",0023400-004-001-001,
P900003,poly[ethene-co-(acrylic acid)],U,CU040001,PAA,*C(C(=O)O)C*,CU010001,PE,*C*,,,-7,DSC,,,"Fawcett, A. H.; McNally, T.,Macromolecular Materials and Engineering,286,2,126-137,2001",0023400-005-001-001,
P900003,poly[ethene-co-(acrylic acid)],U,CU040001,PAA,*C(C(=O)O)C*,CU010001,PE,*C*,7,wt%,14,DMA,,,"Wakabayashi, Katsuyuki; Register, Richard A.,Polymer,46,20,8838-8845,2005",0030284-002-001-001,
P900003,poly[ethene-co-(acrylic acid)],U,CU040001,PAA,*C(C(=O)O)C*,CU010001,PE,*C*,12.5,wt%,11,DMA,,,"Wakabayashi, Katsuyuki; Register, Richard A.,Polymer,46,20,8838-8845,2005",0030284-002-002-001,
P900003,poly[ethene-co-(acrylic acid)],U,CU040001,PAA,*C(C(=O)O)C*,CU010001,PE,*C*,20,wt%,24,DMA,,,"Wakabayashi, Katsuyuki; Register, Richard A.,Polymer,46,20,8838-8845,2005",0030284-002-003-001,
P900005,poly[acrylonitrile-co-(ethyl acrylate)],U,CU030010,PAN,*C(C#N)C*,CU040003,poly(ethyl acrylate),CCOC(=O)C(C*)*,80,wt%,91,DSC,,,"Penzel, E.; Rieger, J.; Schneider, H. A.,Polymer,38,2,325-337,1997",0020270-024-002-001,
P900007,poly(acrylonitrile-co-styrene),U,CU020001,PS,*CC(c1ccccc1)*,CU030010,PAN,*C(C#N)C*,98,wt%,103,DSC,,204000,"Fernandes, A. C.; Barlow, J. M.; Paul, D. R.,Polymer,27,11,1788-1798,1986",0001308-005-001-001,
P900007,poly(acrylonitrile-co-styrene),U,CU020001,PS,*CC(c1ccccc1)*,CU030010,PAN,*C(C#N)C*,94.5,wt%,107,DSC,,,"Fernandes, A. C.; Barlow, J. M.; Paul, D. R.,Polymer,27,11,1788-1798,1986",0001308-008-001-001,
P900007,poly(acrylonitrile-co-styrene),U,CU020001,PS,*CC(c1ccccc1)*,CU030010,PAN,*C(C#N)C*,88.5,wt%,104,DSC,,,"Fernandes, A. C.; Barlow, J. M.; Paul, D. R.,Polymer,27,11,1788-1798,1986",0001308-011-001-001,
P900007,poly(acrylonitrile-co-styrene),U,CU020001,PS,*CC(c1ccccc1)*,CU030010,PAN,*C(C#N)C*,83.8,wt%,108,DSC,,,"Fernandes, A. C.; Barlow, J. M.; Paul, D. R.,Polymer,27,11,1788-1798,1986",0001308-014-001-001,
P900007,poly(acrylonitrile-co-styrene),U,CU020001,PS,*CC(c1ccccc1)*,CU030010,PAN,*C(C#N)C*,62,mol%,99,DSC,,,"Yoshida, Hirohisa; Kobayashi, Yasuji,Sen'i Gakkaishi,39,4,T146,1983",0011133-001-002-001,
P900007,poly(acrylonitrile-co-styrene),U,CU020001,PS,*CC(c1ccccc1)*,CU030010,PAN,*C(C#N)C*,90,wt%,106,DMA,,,"Daly, John H.; Guest, Martin J.; Hayward, David; Pethrick, Richard A.,Polymer Communications,31,8,325-329,1990",0012229-001-001-001,
P900007,poly(acrylonitrile-co-styrene),U,CU020001,PS,*CC(c1ccccc1)*,CU030010,PAN,*C(C#N)C*,84,wt%,107,DMA,,,"Daly, John H.; Guest, Martin J.; Hayward, David; Pethrick, Richard A.,Polymer Communications,31,8,325-329,1990",0012229-001-002-001,
P900007,poly(acrylonitrile-co-styrene),U,CU020001,PS,*CC(c1ccccc1)*,CU030010,PAN,*C(C#N)C*,75,wt%,107,DMA,,,"Daly, John H.; Guest, Martin J.; Hayward, David; Pethrick, Richard A.,Polymer Communications,31,8,325-329,1990",0012229-001-003-001,
P900007,poly(acrylonitrile-co-styrene),U,CU020001,PS,*CC(c1ccccc1)*,CU030010,PAN,*C(C#N)C*,89.6,wt%,108.2,DSC,,123000,"Vanneste, M.; Groeninckx, G.,Polymer,35,1,162-167,1994",0013498-005-001-001,
P900007,poly(acrylonitrile-co-styrene),U,CU020001,PS,*CC(c1ccccc1)*,CU030010,PAN,*C(C#N)C*,95,wt%,111.8,DSC,71000,,"Vanneste, M.; Groeninckx, G.,Polymer,35,1,162-167,1994",0013498-002-001-001,
P900007,poly(acrylonitrile-co-styrene),U,CU020001,PS,*CC(c1ccccc1)*,CU030010,PAN,*C(C#N)C*,85,wt%,113.2,DSC,,124000,"Vanneste, M.; Groeninckx, G.,Polymer,35,1,162-167,1994",0013498-008-001-001,
P900007,poly(acrylonitrile-co-styrene),U,CU020001,PS,*CC(c1ccccc1)*,CU030010,PAN,*C(C#N)C*,83.1,wt%,108.6,DSC,,185000,"Vanneste, M.; Groeninckx, G.,Polymer,35,1,162-167,1994",0013498-011-001-001,
P900007,poly(acrylonitrile-co-styrene),U,CU020001,PS,*CC(c1ccccc1)*,CU030010,PAN,*C(C#N)C*,71,wt%,109.2,DSC,,94000,"Vanneste, M.; Groeninckx, G.,Polymer,35,1,162-167,1994",0013498-014-001-001,
P900008,poly[(methyl methacrylate)-co-(butyl acrylate)],U,CU040006,PBA,CCCCOC(=O)C(C*)*,CU040048,PMMA,*C(C(=O)OC)(C*)C,,,96.1,DSC,,,"Pan, Ting Chung; Kuo, Jen Feng; Chen, Chuh Yung,Polymer Engineering and Science,31,12,916-923,1991",0012702-001-001-001,
P900008,poly[(methyl methacrylate)-co-(butyl acrylate)],U,CU040006,PBA,CCCCOC(=O)C(C*)*,CU040048,PMMA,*C(C(=O)OC)(C*)C,,,93.5,DSC,,,"Pan, Ting Chung; Kuo, Jen Feng; Chen, Chuh Yung,Polymer Engineering and Science,31,12,916-923,1991",0012702-003-001-001,
P900008,poly[(methyl methacrylate)-co-(butyl acrylate)],U,CU040006,PBA,CCCCOC(=O)C(C*)*,CU040048,PMMA,*C(C(=O)OC)(C*)C,5.9,mol%,85.5,DSC,,,"Pan, Ting Chung; Kuo, Jen Feng; Chen, Chuh Yung,Polymer Engineering and Science,31,12,916-923,1991",0012702-005-001-001,
P900008,poly[(methyl methacrylate)-co-(butyl acrylate)],U,CU040006,PBA,CCCCOC(=O)C(C*)*,CU040048,PMMA,*C(C(=O)OC)(C*)C,11.3,mol%,72.5,DSC,,,"Pan, Ting Chung; Kuo, Jen Feng; Chen, Chuh Yung,Polymer Engineering and Science,31,12,916-923,1991",0012702-010-001-001,
P900008,poly[(methyl methacrylate)-co-(butyl acrylate)],U,CU040006,PBA,CCCCOC(=O)C(C*)*,CU040048,PMMA,*C(C(=O)OC)(C*)C,22.8,mol%,48.9,DSC,,,"Pan, Ting Chung; Kuo, Jen Feng; Chen, Chuh Yung,Polymer Engineering and Science,31,12,916-923,1991",0012702-008-001-001,
P900008,poly[(methyl methacrylate)-co-(butyl acrylate)],U,CU040006,PBA,CCCCOC(=O)C(C*)*,CU040048,PMMA,*C(C(=O)OC)(C*)C,23.3,mol%,48,DSC,,,"Pan, Ting Chung; Kuo, Jen Feng; Chen, Chuh Yung,Polymer Engineering and Science,31,12,916-923,1991",0012702-011-001-001,
P900008,poly[(methyl methacrylate)-co-(butyl acrylate)],U,CU040006,PBA,CCCCOC(=O)C(C*)*,CU040048,PMMA,*C(C(=O)OC)(C*)C,14.0,mol%,66.2,DSC,,,"Pan, Ting Chung; Kuo, Jen Feng; Chen, Chuh Yung,Polymer Engineering and Science,31,12,916-923,1991",0012702-013-001-001,
P900008,poly[(methyl methacrylate)-co-(butyl acrylate)],U,CU040006,PBA,CCCCOC(=O)C(C*)*,CU040048,PMMA,*C(C(=O)OC)(C*)C,24.1,mol%,46.4,DSC,,,"Pan, Ting Chung; Kuo, Jen Feng; Chen, Chuh Yung,Polymer Engineering and Science,31,12,916-923,1991",0012702-014-001-001,
P900008,poly[(methyl methacrylate)-co-(butyl acrylate)],U,CU040006,PBA,CCCCOC(=O)C(C*)*,CU040048,PMMA,*C(C(=O)OC)(C*)C,15.5,mol%,63.1,DSC,,,"Pan, Ting Chung; Kuo, Jen Feng; Chen, Chuh Yung,Polymer Engineering and Science,31,12,916-923,1991",0012702-016-001-001,
P900008,poly[(methyl methacrylate)-co-(butyl acrylate)],U,CU040006,PBA,CCCCOC(=O)C(C*)*,CU040048,PMMA,*C(C(=O)OC)(C*)C,24.7,mol%,45.8,DSC,,,"Pan, Ting Chung; Kuo, Jen Feng; Chen, Chuh Yung,Polymer Engineering and Science,31,12,916-923,1991",0012702-017-001-001,
P900008,poly[(methyl methacrylate)-co-(butyl acrylate)],U,CU040006,PBA,CCCCOC(=O)C(C*)*,CU040048,PMMA,*C(C(=O)OC)(C*)C,48.8,mol%,13.8,DSC,,,"Fernandez-Garcia, M.; Cuervo-Rodriguez, R.; Madruga, E. L.,Journal of Polymer Science, Part B: Polymer Physics,37,17,2512-2520,1999",0021447-001-002-001,
P900008,poly[(methyl methacrylate)-co-(butyl acrylate)],U,CU040006,PBA,CCCCOC(=O)C(C*)*,CU040048,PMMA,*C(C(=O)OC)(C*)C,31.5,mol%,52,DSC,,,"Fernandez-Garcia, M.; Cuervo-Rodriguez, R.; Madruga, E. L.,Journal of Polymer Science, Part B: Polymer Physics,37,17,2512-2520,1999",0021447-001-003-001,
P900008,poly[(methyl methacrylate)-co-(butyl acrylate)],U,CU040006,PBA,CCCCOC(=O)C(C*)*,CU040048,PMMA,*C(C(=O)OC)(C*)C,48.0,mol%,9.4,DSC,,,"Fernandez-Garcia, M.; Cuervo-Rodriguez, R.; Madruga, E. L.,Journal of Polymer Science, Part B: Polymer Physics,37,17,2512-2520,1999",0021447-002-002-001,
P900008,poly[(methyl methacrylate)-co-(butyl acrylate)],U,CU040006,PBA,CCCCOC(=O)C(C*)*,CU040048,PMMA,*C(C(=O)OC)(C*)C,30.4,mol%,52.1,DSC,,,"Fernandez-Garcia, M.; Cuervo-Rodriguez, R.; Madruga, E. L.,Journal of Polymer Science, Part B: Polymer Physics,37,17,2512-2520,1999",0021447-002-003-001,
P900008,poly[(methyl methacrylate)-co-(butyl acrylate)],U,CU040006,PBA,CCCCOC(=O)C(C*)*,CU040048,PMMA,*C(C(=O)OC)(C*)C,,,27,DSC,92965,,"Heng, Lee Yook; Hall, Elizabeth A. H.,Analytica Chimica Acta,403,1/2,77-89,2000",0022211-002-001-001,
P900008,poly[(methyl methacrylate)-co-(butyl acrylate)],U,CU040006,PBA,CCCCOC(=O)C(C*)*,CU040048,PMMA,*C(C(=O)OC)(C*)C,,,-29,DSC,128147,,"Heng, Lee Yook; Hall, Elizabeth A. H.,Analytica Chimica Acta,403,1/2,77-89,2000",0022211-008-001-001,
P900008,poly[(methyl methacrylate)-co-(butyl acrylate)],U,CU040006,PBA,CCCCOC(=O)C(C*)*,CU040048,PMMA,*C(C(=O)OC)(C*)C,,,-37,DSC,92965,,"Heng, Lee Yook; Hall, Elizabeth A. H.,Analytica Chimica Acta,403,1/2,77-89,2000",0022211-011-001-001,
P900008,poly[(methyl methacrylate)-co-(butyl acrylate)],U,CU040006,PBA,CCCCOC(=O)C(C*)*,CU040048,PMMA,*C(C(=O)OC)(C*)C,,,-19.7,PALS (positron annihilation life time spectra) measurement,,,"Debowska, M.; Piglowski, J.; Suzuki, T.; Rudzinska-Girulska, J.; Slusarczyk, Cz.; Binias, W.,Materials Science Forum, 445-446,Positron Annihilation,277-279,2004",0028766-002-001-001,
P900008,poly[(methyl methacrylate)-co-(butyl acrylate)],U,CU040006,PBA,CCCCOC(=O)C(C*)*,CU040048,PMMA,*C(C(=O)OC)(C*)C,,,10.5,DMA,,,"Colombini, Didier; Hassander, Helen; Karlsson, Ola J.; Maurer, Frans H. J.,Macromolecules,37,18,6865-6873,2004",0028880-001-001-001,
P900008,poly[(methyl methacrylate)-co-(butyl acrylate)],U,CU040006,PBA,CCCCOC(=O)C(C*)*,CU040048,PMMA,*C(C(=O)OC)(C*)C,,,3,DSC,,,"Colombini, Didier; Hassander, Helen; Karlsson, Ola J.; Maurer, Frans H. J.,Macromolecules,37,18,6865-6873,2004",0028880-001-002-001,
P900008,poly[(methyl methacrylate)-co-(butyl acrylate)],U,CU040006,PBA,CCCCOC(=O)C(C*)*,CU040048,PMMA,*C(C(=O)OC)(C*)C,,,18.7,DSC,,,"Lin, Mingtao; Chu, Fuxiang; Guyot, Alain; Putaux, Jean-Luc; Bourgeat-Lami, Elodie,Polymer,46,4,1331-1337,2005",0031082-001-001-001,
P900008,poly[(methyl methacrylate)-co-(butyl acrylate)],U,CU040006,PBA,CCCCOC(=O)C(C*)*,CU040048,PMMA,*C(C(=O)OC)(C*)C,20,,96,DMA,,,"Mekhilef, Nafaa; Hong, Sheng,Annual Technical Conference - Society of Plastics Engineers,63rd,3357-3361,2005",0034410-001-001-001,
P900008,poly[(methyl methacrylate)-co-(butyl acrylate)],U,CU040006,PBA,CCCCOC(=O)C(C*)*,CU040048,PMMA,*C(C(=O)OC)(C*)C,23.0,mol%,95.7,DMA,,,"Mekhilef, Nafaa; Hong, Sheng; Carrington, Courtney; Davis, Benjamin,Journal of Vinyl & Additive Technology,12,3,143-150,2006",0037095-001-001-001,
P900008,poly[(methyl methacrylate)-co-(butyl acrylate)],U,CU040006,PBA,CCCCOC(=O)C(C*)*,CU040048,PMMA,*C(C(=O)OC)(C*)C,12.0,mol%,126.7,DMA,,,"Mekhilef, Nafaa; Hong, Sheng; Carrington, Courtney; Davis, Benjamin,Journal of Vinyl & Additive Technology,12,3,143-150,2006",0037095-001-003-001,
P900008,poly[(methyl methacrylate)-co-(butyl acrylate)],U,CU040006,PBA,CCCCOC(=O)C(C*)*,CU040048,PMMA,*C(C(=O)OC)(C*)C,,,42,DMA,,,"Diaconu, Gabriela; Paulis, Maria; Leiza, Jose R.,Polymer,49,10,2444-2454,2008",0038651-003-001-001,
P900008,poly[(methyl methacrylate)-co-(butyl acrylate)],U,CU040006,PBA,CCCCOC(=O)C(C*)*,CU040048,PMMA,*C(C(=O)OC)(C*)C,,,38.3,DMA,,,"Diaconu, Gabriela; Asua, Jose M.; Paulis, Maria; Leiza, Jose R.,Macromolecular Symposia,259,Polymer Reaction Engineering--International Workshop, 2007,305-317,2007",0039148-001-001-001,
P900008,poly[(methyl methacrylate)-co-(butyl acrylate)],U,CU040006,PBA,CCCCOC(=O)C(C*)*,CU040048,PMMA,*C(C(=O)OC)(C*)C,,,39.5,DMA,,,"Diaconu, Gabriela; Asua, Jose M.; Paulis, Maria; Leiza, Jose R.,Macromolecular Symposia,259,Polymer Reaction Engineering--International Workshop, 2007,305-317,2007",0039148-002-001-001,
P900009,poly[(methacrylic acid)-co-(ethyl acrylate)],U,CU040003,poly(ethyl acrylate),CCOC(=O)C(C*)*,CU040047,poly(methacrylic acid),*C(C(=O)O)(C*)C,1,,130,Modulated temp. DSC,,,"Moustafine, Rouslan I.; Zaharov, Igor M.; Kemenova, Vera A.,European Journal of Pharmaceutics and Biopharmaceutics,63,1,26-36,2006",0033694-001-001-001,
P900010,poly(6-aminocaproic acid-co-hexamethylene adipamide),U,CU100004,N6,*CCCCCC(=O)N*,CU100005,N66,*CCCCCCNC(=O)CCCCC(=O)N*,80,,51.1,DSC,,,"Venkataramani, Sriram; Lee, Jae Heung; Park, Min Gyoo; Kim, Sung Chul,Journal of Macromolecular Science, Part A: Pure and Applied Chemistry,46,1,65-73,2009",0041290-005-001-001,
P900010,poly(6-aminocaproic acid-co-hexamethylene adipamide),U,CU100004,N6,*CCCCCC(=O)N*,CU100005,N66,*CCCCCCNC(=O)CCCCC(=O)N*,80,,50,DSC,,,"Venkataramani, Sriram; Lee, Jae Heung; Park, Min Gyoo; Kim, Sung Chul,Journal of Macromolecular Science, Part A: Pure and Applied Chemistry,46,1,65-73,2009",0041290-006-001-001,
P900010,poly(6-aminocaproic acid-co-hexamethylene adipamide),U,CU100004,N6,*CCCCCC(=O)N*,CU100005,N66,*CCCCCCNC(=O)CCCCC(=O)N*,10,,99,DMA,,,"Ong, Eng Seong; Kim, Yunghoon; Williams, H. Leverne,Journal of Applied Polymer Science,31,2,367-383,1986",0079224-017-001-001,
P900011,poly[(hexano-6-lactam)-co-(dodecano-12-lactam)],U,CU100004,N6,*CCCCCC(=O)N*,CU100025,PA 12,*CCCCCCCCCCCC(=O)N*,25,mol%,31.8,DTA,,,"Arvanitoyannis, I.; Psomiadou, E.,Journal of Applied Polymer Science,51,11,1883-1899,1994",0014145-005-001-002,
P900011,poly[(hexano-6-lactam)-co-(dodecano-12-lactam)],U,CU100004,N6,*CCCCCC(=O)N*,CU100025,PA 12,*CCCCCCCCCCCC(=O)N*,25,mol%,33,DTA,,,"Arvanitoyannis, I.; Psomiadou, E.,Journal of Applied Polymer Science,51,11,1883-1899,1994",0014145-006-001-002,
P900011,poly[(hexano-6-lactam)-co-(dodecano-12-lactam)],U,CU100004,N6,*CCCCCC(=O)N*,CU100025,PA 12,*CCCCCCCCCCCC(=O)N*,25,mol%,34.5,DTA,,,"Arvanitoyannis, I.; Psomiadou, E.,Journal of Applied Polymer Science,51,11,1883-1899,1994",0014145-007-001-002,
P900011,poly[(hexano-6-lactam)-co-(dodecano-12-lactam)],U,CU100004,N6,*CCCCCC(=O)N*,CU100025,PA 12,*CCCCCCCCCCCC(=O)N*,50,mol%,23.4,DTA,,,"Arvanitoyannis, I.; Psomiadou, E.,Journal of Applied Polymer Science,51,11,1883-1899,1994",0014145-009-001-002,
P900011,poly[(hexano-6-lactam)-co-(dodecano-12-lactam)],U,CU100004,N6,*CCCCCC(=O)N*,CU100025,PA 12,*CCCCCCCCCCCC(=O)N*,50,mol%,25.2,DTA,,,"Arvanitoyannis, I.; Psomiadou, E.,Journal of Applied Polymer Science,51,11,1883-1899,1994",0014145-010-001-002,
P900011,poly[(hexano-6-lactam)-co-(dodecano-12-lactam)],U,CU100004,N6,*CCCCCC(=O)N*,CU100025,PA 12,*CCCCCCCCCCCC(=O)N*,50,mol%,27,DTA,,,"Arvanitoyannis, I.; Psomiadou, E.,Journal of Applied Polymer Science,51,11,1883-1899,1994",0014145-011-001-002,
P900011,poly[(hexano-6-lactam)-co-(dodecano-12-lactam)],U,CU100004,N6,*CCCCCC(=O)N*,CU100025,PA 12,*CCCCCCCCCCCC(=O)N*,50,mol%,28.4,DTA,,,"Arvanitoyannis, I.; Psomiadou, E.,Journal of Applied Polymer Science,51,11,1883-1899,1994",0014145-012-001-002,
P900011,poly[(hexano-6-lactam)-co-(dodecano-12-lactam)],U,CU100004,N6,*CCCCCC(=O)N*,CU100025,PA 12,*CCCCCCCCCCCC(=O)N*,75,mol%,35.1,DTA,,,"Arvanitoyannis, I.; Psomiadou, E.,Journal of Applied Polymer Science,51,11,1883-1899,1994",0014145-013-001-002,
P900012,"poly{poly(dimethylsiloxane)-ran-poly[1,4-phenylenebis(dimethylsilanol)]}",U,CU170031,PDMS,*O[Si](C)(C)*,CU170064,"poly[alpha,alpha,alpha',alpha'-tetramethylbenzene-1,4-disilanol]",*O[Si](c1ccc(cc1)[Si](C)(C)*)(C)C,10,wt%,-39,DSC,,,"Okui, N.; Li, H. M.; Magill, J. H.,Polymer,19,411-415,1978",0071318-001-002-001,
P900014,poly[ethene-co-(oct-1-ene)],U,CU010040,poly(oct-1-ene),CCCCCCC(C*)*,CU010001,PE,*C*,6.2,mol%,-43,Adiabatic calorimeter,,,"Van Miltenburg, J. C.; Mathot, V. B. F.; Van Ekeren, P. J.; Ionescu, L. D.,Journal of Thermal Analysis and Calorimetry,56,3,1017-1023,1999",0022352-001-001-001,
P900014,poly[ethene-co-(oct-1-ene)],U,CU010040,poly(oct-1-ene),CCCCCCC(C*)*,CU010001,PE,*C*,9.27,mol%,-49,Modulated DSC,,,"Cerrada, Maria L.; Benavente, Rosario; Perez, Ernesto; Moniz-Santos, Jorge; Ribeiro, M. Rosario,Polymer,42,16,7197-7202,2001",0023140-001-001-001,
P900014,poly[ethene-co-(oct-1-ene)],U,CU010040,poly(oct-1-ene),CCCCCCC(C*)*,CU010001,PE,*C*,9.27,mol%,-47,DSC,,,"Cerrada, Maria L.; Benavente, Rosario; Perez, Ernesto; Moniz-Santos, Jorge; Ribeiro, M. Rosario,Polymer,42,16,7197-7202,2001",0023140-002-001-001,
P900014,poly[ethene-co-(oct-1-ene)],U,CU010040,poly(oct-1-ene),CCCCCCC(C*)*,CU010001,PE,*C*,9.27,mol%,-45.5,DSC,,,"Cerrada, Maria L.; Benavente, Rosario; Perez, Ernesto; Moniz-Santos, Jorge; Ribeiro, M. Rosario,Polymer,42,16,7197-7202,2001",0023140-005-001-001,
P900014,poly[ethene-co-(oct-1-ene)],U,CU010040,poly(oct-1-ene),CCCCCCC(C*)*,CU010001,PE,*C*,39,wt%,-33,DMA,,,"Ray, Sudip; Bhowmick, Anil K.,Rubber Chemistry and Technology,74,5,835-845,2001",0025330-001-001-001,
P900014,poly[ethene-co-(oct-1-ene)],U,CU010040,poly(oct-1-ene),CCCCCCC(C*)*,CU010001,PE,*C*,39,wt%,-32,DMA,,,"Ray, Sudip; Bhowmick, Anil K.,Rubber Chemistry and Technology,74,5,835-845,2001",0025330-002-001-001,
P900014,poly[ethene-co-(oct-1-ene)],U,CU010040,poly(oct-1-ene),CCCCCCC(C*)*,CU010001,PE,*C*,39,wt%,-30,DMA,,,"Ray, Sudip; Bhowmick, Anil K.,Rubber Chemistry and Technology,74,5,835-845,2001",0025330-003-001-001,
P900014,poly[ethene-co-(oct-1-ene)],U,CU010040,poly(oct-1-ene),CCCCCCC(C*)*,CU010001,PE,*C*,39,wt%,-29,DMA,,,"Ray, Sudip; Bhowmick, Anil K.,Rubber Chemistry and Technology,74,5,835-845,2001",0025330-005-001-001,
P900014,poly[ethene-co-(oct-1-ene)],U,CU010040,poly(oct-1-ene),CCCCCCC(C*)*,CU010001,PE,*C*,12.3,mol%,-42,DMA,,,"Chang, A.; Cheung, Y. W.; Hiltner, A.; Baer, E.,Journal of Polymer Science, Part B: Polymer Physics,40,1,142-152,2001",0025848-002-001-002,
P900014,poly[ethene-co-(oct-1-ene)],U,CU010040,poly(oct-1-ene),CCCCCCC(C*)*,CU010001,PE,*C*,14.7,mol%,-40,DMA,,,"Chang, A.; Cheung, Y. W.; Hiltner, A.; Baer, E.,Journal of Polymer Science, Part B: Polymer Physics,40,1,142-152,2001",0025848-002-002-002,
P900014,poly[ethene-co-(oct-1-ene)],U,CU010040,poly(oct-1-ene),CCCCCCC(C*)*,CU010001,PE,*C*,13.2,mol%,-58,DSC,,,"Anderson, Kelly S.; Lim, Shawn H.; Hillmyer, Marc A.,Journal of Applied Polymer Science,89,14,3757-3768,2003",0026443-003-001-001,
P900014,poly[ethene-co-(oct-1-ene)],U,CU010040,poly(oct-1-ene),CCCCCCC(C*)*,CU010001,PE,*C*,24,wt%,-40,DMA,,,"Arostegui, A.; Nazabal, J.,Polymer,44,18,5227-5237,2003",0026446-003-001-001,
P900014,poly[ethene-co-(oct-1-ene)],U,CU010040,poly(oct-1-ene),CCCCCCC(C*)*,CU010001,PE,*C*,25,mol%,-51,[NR],,,"Davies, Geoff R.; Yamwong, Teerapon; Voice, Alison M.,Proceedings of SPIE,4695,Electroactive Polymer Actuators and Devices ,111-119,2002",0027265-003-001-001,
P900014,poly[ethene-co-(oct-1-ene)],U,CU010040,poly(oct-1-ene),CCCCCCC(C*)*,CU010001,PE,*C*,,,-43.5,DMA,,,"Kontopoulou, Marianna; Huang, Leo C.,Journal of Applied Polymer Science,94,3,881-889,2004",0028683-003-001-001,
P900014,poly[ethene-co-(oct-1-ene)],U,CU010040,poly(oct-1-ene),CCCCCCC(C*)*,CU010001,PE,*C*,9.3,mol%,-51,DMA,,,"Cerrada, M. L.; Laguna, M. F.; Benavente, R.; Perez, E.,Polymer,45,1,171-179,2004",0029766-002-001-002,
P900014,poly[ethene-co-(oct-1-ene)],U,CU010040,poly(oct-1-ene),CCCCCCC(C*)*,CU010001,PE,*C*,15,mol%,-14,DMA,,,"Niaounakis, M.; Kontou, E.,Journal of Polymer Science, Part B: Polymer Physics,43,13,1712-1727,2005",0030538-002-001-001,
P900014,poly[ethene-co-(oct-1-ene)],U,CU010040,poly(oct-1-ene),CCCCCCC(C*)*,CU010001,PE,*C*,1.57,mol%,-32,DMA,,,"Piel, C.; Starck, P.; Seppala, J. V.; Kaminsky, W.,Journal of Polymer Science, Part A: Polymer Chemistry,44,5,1600-1612,2006",0034231-002-001-001,
P900014,poly[ethene-co-(oct-1-ene)],U,CU010040,poly(oct-1-ene),CCCCCCC(C*)*,CU010001,PE,*C*,3.25,mol%,-37.7,DMA,,,"Piel, C.; Starck, P.; Seppala, J. V.; Kaminsky, W.,Journal of Polymer Science, Part A: Polymer Chemistry,44,5,1600-1612,2006",0034231-002-002-001,
P900014,poly[ethene-co-(oct-1-ene)],U,CU010040,poly(oct-1-ene),CCCCCCC(C*)*,CU010001,PE,*C*,13,mol%,-51,DSC,,,"Babu, R. Rajesh; Singha, N. K.; Naskar, K.,Materials & Design,31,7,3374-3382,2010",0041973-001-001-001,
P900014,poly[ethene-co-(oct-1-ene)],U,CU010040,poly(oct-1-ene),CCCCCCC(C*)*,CU010001,PE,*C*,25,wt%,-40,DMA,,,"Shen, Jiabin; Wang, Ming; Li, Jiang; Guo, Shaoyun; Xu, Shuangxi; Zhang, Yuqing; Li, Ting; Wen, Ming,European Polymer Journal,45,11,3269-3281,2009",0043589-002-001-001,
P900015,poly[ethene-co-(prop-1-ene)],U,CU010001,PE,*C*,CU010002,PP,*CC(C)*,,,-55.6,DSC,,,"Abis, L.; Abbondanza, L.; Braglia, R.; Facchinetti, L.; Giannotta, G.; Marra, G.; Po', R.,Polymer Preprints (American Chemical Society, Division of Polymer Chemistry),40,1,391-392,1999",0021563-008-001-001,
P900015,poly[ethene-co-(prop-1-ene)],U,CU010001,PE,*C*,CU010002,PP,*CC(C)*,,,-3,DSC,,,"Isa, Ismat A. Abu; Jodeh, Shehdeh W.,Materials Research Innovations,4, 2/3,135-143,2001",0023402-001-001-001,
P900015,poly[ethene-co-(prop-1-ene)],U,CU010001,PE,*C*,CU010002,PP,*CC(C)*,,,2,DSC,,,"Isa, Ismat A. Abu; Jodeh, Shehdeh W.,Materials Research Innovations,4, 2/3,135-143,2001",0023402-002-001-001,
P900015,poly[ethene-co-(prop-1-ene)],U,CU010001,PE,*C*,CU010002,PP,*CC(C)*,,,-8,DSC,,,"Isa, Ismat A. Abu; Jodeh, Shehdeh W.,Materials Research Innovations,4, 2/3,135-143,2001",0023402-003-001-001,
P900015,poly[ethene-co-(prop-1-ene)],U,CU010001,PE,*C*,CU010002,PP,*CC(C)*,,,-4,DSC,,,"Isa, Ismat A. Abu; Jodeh, Shehdeh W.,Materials Research Innovations,4, 2/3,135-143,2001",0023402-004-001-001,
P900015,poly[ethene-co-(prop-1-ene)],U,CU010001,PE,*C*,CU010002,PP,*CC(C)*,,,-51,DSC,,,"Kamiyama, Shingo; Tasaka, Shigeru; Hotta, Daisuke,Nippon Kagakkaishi, ,3,163-168,2001",0023408-002-001-001,
P900015,poly[ethene-co-(prop-1-ene)],U,CU010001,PE,*C*,CU010002,PP,*CC(C)*,,,-50,DSC,,,"Han, Shejiao; Puech, Laurence; Law, Robert V.; Steinke, Joachim H. G.; Livingston, Andrew,Journal of Membrane Science,199,1,2,1-11,2002",0025417-008-001-001,
P900015,poly[ethene-co-(prop-1-ene)],U,CU010001,PE,*C*,CU010002,PP,*CC(C)*,74,wt%,-52,[NR],,,"Jang, Gu-Su; Jo, Nam-Ju; Cho, Won-Jei; Ha, Chang-Sik,Journal of Applied Polymer Science,83,1,201-211,2002",0026030-002-001-001,
P900015,poly[ethene-co-(prop-1-ene)],U,CU010001,PE,*C*,CU010002,PP,*CC(C)*,,,8,[NR],,,"Deanin, Rudolph D.; Bhagat, Harsh; Chu, Wei; Ciulla, Ronald S.; Orroth, Stephen A.,Polymeric Materials Science and Engineering,84,584-585,2001",0027107-003-001-001,
P900015,poly[ethene-co-(prop-1-ene)],U,CU010001,PE,*C*,CU010002,PP,*CC(C)*,4.0,mol%,-11,DSC,,,"Poon, B.; Rogunova, M.; Chum, S. P.; Hiltner, A.; Baer, E.,Journal of Polymer Science, Part B: Polymer Physics,42,23,4357-4370,2004",0031314-004-001-002,
P900015,poly[ethene-co-(prop-1-ene)],U,CU010001,PE,*C*,CU010002,PP,*CC(C)*,4.3,mol%,6,positron annihilation lifetime spectroscopy(PALS),,,"Wang, H.; Ansems, P.; Chum, S. P.; Hiltner, A.; Baer, E.,Annual Technical Conference - Society of Plastics Engineers,63rd,1232-1236,2005",0034379-001-002-001,
P900015,poly[ethene-co-(prop-1-ene)],U,CU010001,PE,*C*,CU010002,PP,*CC(C)*,3.1,mol%,5,DMA,,,"Wang, H. P.; Ansems, P.; Chum, S. P.; Hiltner, A.; Baer, E.,Macromolecules,39,4,1488-1495,2006",0034422-002-002-001,
P900015,poly[ethene-co-(prop-1-ene)],U,CU010001,PE,*C*,CU010002,PP,*CC(C)*,52,mol%,-54,Beta-ray absorption measurement,,,"Zannetti, R.;Manaresi, P.; Baldi, L.,Journal of Polymer Science,62,S33,1962",0070020-001-003-001,
P900016,poly[ethene-co-(vinyl acetate)],U,CU010001,PE,*C*,CU030024,PVAC,*C(OC(=O)C)C*,30,wt%,-9,DSC,,,"Bott, R. H.; Kuphal, J. A.; Robeson, L. M.; Sagl, D.,Journal of Applied Polymer Science,58,9,1593-1605,1995",0014878-007-001-001,
P900016,poly[ethene-co-(vinyl acetate)],U,CU010001,PE,*C*,CU030024,PVAC,*C(OC(=O)C)C*,30,wt%,-5,DMA,,,"Bott, R. H.; Kuphal, J. A.; Robeson, L. M.; Sagl, D.,Journal of Applied Polymer Science,58,9,1593-1605,1995",0014878-007-001-002,
P900016,poly[ethene-co-(vinyl acetate)],U,CU010001,PE,*C*,CU030024,PVAC,*C(OC(=O)C)C*,50,wt%,-26,DSC,,,"Bott, R. H.; Kuphal, J. A.; Robeson, L. M.; Sagl, D.,Journal of Applied Polymer Science,58,9,1593-1605,1995",0014878-013-001-001,
P900016,poly[ethene-co-(vinyl acetate)],U,CU010001,PE,*C*,CU030024,PVAC,*C(OC(=O)C)C*,12,wt%,7,DSC,,,"Bott, R. H.; Kuphal, J. A.; Robeson, L. M.; Sagl, D.,Journal of Applied Polymer Science,58,9,1593-1605,1995",0014878-014-002-001,
P900016,poly[ethene-co-(vinyl acetate)],U,CU010001,PE,*C*,CU030024,PVAC,*C(OC(=O)C)C*,60.5,wt%,-15,DSC,,,"Barrueso-Martinez, Maria L.; Ferrandiz-Gomez, Teresa P.; Cepeda-Jimenez, Carmen M.; Sepulcre-Guilabert, Jose; Martin-Martinez, Jose Miguel,Journal of Adhesion Science and Technology,15,2,243-263,2001",0023304-003-001-001,
P900016,poly[ethene-co-(vinyl acetate)],U,CU010001,PE,*C*,CU030024,PVAC,*C(OC(=O)C)C*,72,wt%,-11.5,DMA,,,"Barrueso-Martinez, Maria L.; Ferrandiz-Gomez, Teresa P.; Cepeda-Jimenez, Carmen M.; Sepulcre-Guilabert, Jose; Martin-Martinez, Jose Miguel,Journal of Adhesion Science and Technology,15,2,243-263,2001",0023304-007-001-002,
P900016,poly[ethene-co-(vinyl acetate)],U,CU010001,PE,*C*,CU030024,PVAC,*C(OC(=O)C)C*,67,wt%,12.2,DMA,,,"Barrueso-Martinez, Maria L.; Ferrandiz-Gomez, Teresa P.; Cepeda-Jimenez, Carmen M.; Sepulcre-Guilabert, Jose; Martin-Martinez, Jose Miguel,Journal of Adhesion Science and Technology,15,2,243-263,2001",0023304-005-001-002,
P900016,poly[ethene-co-(vinyl acetate)],U,CU010001,PE,*C*,CU030024,PVAC,*C(OC(=O)C)C*,,,-30,DMA,,,"Pramanik, Monoj; Srivastava, Suneel Kumar; Samantaray, Biswas Kumar; Bhowmick, Anil Kumar,Journal of Applied Polymer Science,87,14,2216-2220,2003",0027104-003-001-001,
P900016,poly[ethene-co-(vinyl acetate)],U,CU010001,PE,*C*,CU030024,PVAC,*C(OC(=O)C)C*,50,wt%,-31,DSC,,,"Marais, S.; Bureau, E.; Gouanve, F.; Ben Salem, E.; Hirata, Y.; Andrio, A.; Cabot, C.; Atmani, H.,Polymer Testing,23,4,475-486,2004",0029081-002-001-001,
P900016,poly[ethene-co-(vinyl acetate)],U,CU010001,PE,*C*,CU030024,PVAC,*C(OC(=O)C)C*,72,wt%,-25,DSC,,,"Barrueso-Martinez, Maria Luisa; Ferrandiz-Gomez, Teresa Del Pilar; Romero-Sanchez, Maria Dolores; Martin-Martinez, Jose Miguel,Journal of Adhesion,79, 8/9,805-824,2003",0029963-001-001-001,
P900016,poly[ethene-co-(vinyl acetate)],U,CU010001,PE,*C*,CU030024,PVAC,*C(OC(=O)C)C*,,,5,DMA,,,"Barrueso-Martinez, Maria Luisa; Ferrandiz-Gomez, Teresa Del Pilar; Romero-Sanchez, Maria Dolores; Martin-Martinez, Jose Miguel,Journal of Adhesion,79, 8/9,805-824,2003",0029963-003-001-002,
P900016,poly[ethene-co-(vinyl acetate)],U,CU010001,PE,*C*,CU030024,PVAC,*C(OC(=O)C)C*,,,-18,DSC,,,"Barrueso-Martinez, Maria Luisa; Ferrandiz-Gomez, Teresa Del Pilar; Romero-Sanchez, Maria Dolores; Martin-Martinez, Jose Miguel,Journal of Adhesion,79, 8/9,805-824,2003",0029963-006-001-001,
P900017,poly[ethene-co-(vinyl alcohol)],U,CU030001,PVAL,*CC(O)*,CU010001,PE,*C*,75,mol%,73.8,DSC,,,"Spadaro, G.; Piccarolo, S.; Canto, S.; Calderaro, E.; Acierno, D.,Polymer Bulletin,6,11/12,611-615,1982",0010781-001-001-001,
P900017,poly[ethene-co-(vinyl alcohol)],U,CU030001,PVAL,*CC(O)*,CU010001,PE,*C*,75,mol%,75.8,DSC,,,"Spadaro, G.; Piccarolo, S.; Canto, S.; Calderaro, E.; Acierno, D.,Polymer Bulletin,6,11/12,611-615,1982",0010781-001-001-002,
P900017,poly[ethene-co-(vinyl alcohol)],U,CU030001,PVAL,*CC(O)*,CU010001,PE,*C*,75,mol%,80.5,DSC,,,"Spadaro, G.; Piccarolo, S.; Canto, S.; Calderaro, E.; Acierno, D.,Polymer Bulletin,6,11/12,611-615,1982",0010781-001-001-003,
P900017,poly[ethene-co-(vinyl alcohol)],U,CU030001,PVAL,*CC(O)*,CU010001,PE,*C*,75,mol%,76,DSC,,,"Spadaro, G.; Piccarolo, S.; Canto, S.; Calderaro, E.; Acierno, D.,Polymer Bulletin,6,11/12,611-615,1982",0010781-001-001-004,
P900017,poly[ethene-co-(vinyl alcohol)],U,CU030001,PVAL,*CC(O)*,CU010001,PE,*C*,75,mol%,74,DSC,,,"Spadaro, G.; Piccarolo, S.; Canto, S.; Calderaro, E.; Acierno, D.,Polymer Bulletin,6,11/12,611-615,1982",0010781-001-001-005,
P900017,poly[ethene-co-(vinyl alcohol)],U,CU030001,PVAL,*CC(O)*,CU010001,PE,*C*,75,mol%,73.1,DSC,,,"Spadaro, G.; Piccarolo, S.; Canto, S.; Calderaro, E.; Acierno, D.,Polymer Bulletin,6,11/12,611-615,1982",0010781-001-001-006,
P900017,poly[ethene-co-(vinyl alcohol)],U,CU030001,PVAL,*CC(O)*,CU010001,PE,*C*,75,mol%,71.8,DSC,,,"Spadaro, G.; Piccarolo, S.; Canto, S.; Calderaro, E.; Acierno, D.,Polymer Bulletin,6,11/12,611-615,1982",0010781-001-001-007,
P900017,poly[ethene-co-(vinyl alcohol)],U,CU030001,PVAL,*CC(O)*,CU010001,PE,*C*,75,mol%,72,DSC,,,"Spadaro, G.; Piccarolo, S.; Canto, S.; Calderaro, E.; Acierno, D.,Polymer Bulletin,6,11/12,611-615,1982",0010781-001-001-008,
P900017,poly[ethene-co-(vinyl alcohol)],U,CU030001,PVAL,*CC(O)*,CU010001,PE,*C*,75,mol%,80.8,DSC,,,"Spadaro, G.; Piccarolo, S.; Canto, S.; Calderaro, E.; Acierno, D.,Polymer Bulletin,6,11/12,611-615,1982",0010781-001-001-009,
P900017,poly[ethene-co-(vinyl alcohol)],U,CU030001,PVAL,*CC(O)*,CU010001,PE,*C*,75,mol%,72.1,DSC,,,"Spadaro, G.; Piccarolo, S.; Canto, S.; Calderaro, E.; Acierno, D.,Polymer Bulletin,6,11/12,611-615,1982",0010781-001-001-010,
P900017,poly[ethene-co-(vinyl alcohol)],U,CU030001,PVAL,*CC(O)*,CU010001,PE,*C*,75,mol%,70,DSC,,,"Spadaro, G.; Piccarolo, S.; Canto, S.; Calderaro, E.; Acierno, D.,Polymer Bulletin,6,11/12,611-615,1982",0010781-001-001-011,
P900017,poly[ethene-co-(vinyl alcohol)],U,CU030001,PVAL,*CC(O)*,CU010001,PE,*C*,56,mol%,52,DSC,,,"Starkweather, Howard W., Jr.; Avakian, Peter; Fontanella, John J.; Wintersgill, Mary C.,Plastics, Rubber and Composites Processing and Applications,16,4,255-259,1991",0012552-001-001-001,
P900017,poly[ethene-co-(vinyl alcohol)],U,CU030001,PVAL,*CC(O)*,CU010001,PE,*C*,56,mol%,58,DMA,,,"Starkweather, Howard W., Jr.; Avakian, Peter; Fontanella, John J.; Wintersgill, Mary C.,Plastics, Rubber and Composites Processing and Applications,16,4,255-259,1991",0012552-001-001-003,
P900017,poly[ethene-co-(vinyl alcohol)],U,CU030001,PVAL,*CC(O)*,CU010001,PE,*C*,62,mol%,56.4,,,,"Matsui, Toshiro; Nagashima, Kazufumi; Fukamachi, Masaomi; Shimoda, Mitsuya; Osajima, Yutaka,Journal of Agricultural and Food Chemistry,40,10,1902-1905,1992",0013075-002-001-001,
P900017,poly[ethene-co-(vinyl alcohol)],U,CU030001,PVAL,*CC(O)*,CU010001,PE,*C*,42,mol%,39.5,,,,"Matsui, Toshiro; Nagashima, Kazufumi; Fukamachi, Masaomi; Shimoda, Mitsuya; Osajima, Yutaka,Journal of Agricultural and Food Chemistry,40,10,1902-1905,1992",0013075-002-002-001,
P900017,poly[ethene-co-(vinyl alcohol)],U,CU030001,PVAL,*CC(O)*,CU010001,PE,*C*,68,mol%,61.6,DSC,,,"Lagaron, Jose M.; Powell, Anthony K.; Bonner, Graham,Polymer Testing,20,5,569-577,2001",0023229-001-001-001,
P900017,poly[ethene-co-(vinyl alcohol)],U,CU030001,PVAL,*CC(O)*,CU010001,PE,*C*,68,mol%,-11.5,DMA,,,"Lagaron, Jose M.; Powell, Anthony K.; Bonner, Graham,Polymer Testing,20,5,569-577,2001",0023229-002-001-002,
P900017,poly[ethene-co-(vinyl alcohol)],U,CU030001,PVAL,*CC(O)*,CU010001,PE,*C*,68,mol%,-24.8,DSC,,,"Lagaron, Jose M.; Powell, Anthony K.; Bonner, Graham,Polymer Testing,20,5,569-577,2001",0023229-003-001-001,
P900017,poly[ethene-co-(vinyl alcohol)],U,CU030001,PVAL,*CC(O)*,CU010001,PE,*C*,65,,28,DSC,,,"Bakr, N. A.; Ishra, M.,Polymer Testing,21,5,571-576,2002",0025194-001-001-001,
P900017,poly[ethene-co-(vinyl alcohol)],U,CU030001,PVAL,*CC(O)*,CU010001,PE,*C*,65,,23,DSC,,,"Bakr, N. A.; Ishra, M.,Polymer Testing,21,5,571-576,2002",0025194-002-001-001,
P900017,poly[ethene-co-(vinyl alcohol)],U,CU030001,PVAL,*CC(O)*,CU010001,PE,*C*,60,mol%,103,DSC,,,"Mano, Valdir; Ribeiro E Silva, Maria Elisa Scarpelli; Barbani, Niccoletta; Giusti, Paolo,Journal of Applied Polymer Science,91,1,501-505,2004",0029386-002-001-001,
P900017,poly[ethene-co-(vinyl alcohol)],U,CU030001,PVAL,*CC(O)*,CU010001,PE,*C*,56,mol%,45,DMA,,,"Cerrada, M. L.; Laguna, M. F.; Benavente, R.; Perez, E.,Polymer,45,1,171-179,2004",0029766-001-001-002,
P900017,poly[ethene-co-(vinyl alcohol)],U,CU030001,PVAL,*CC(O)*,CU010001,PE,*C*,72,mol%,60,DSC,,,"Ito, K.; Li, Hong-ling; Saito, Y.; Yamamoto, T.; Nishihara, Y.; Ujihira, Y.; Nomura, K.,Journal of Radioanalytical and Nuclear Chemistry,255,3,437-441,2003",0030106-001-002-001,
P900017,poly[ethene-co-(vinyl alcohol)],U,CU030001,PVAL,*CC(O)*,CU010001,PE,*C*,57,mol%,40,DSC,,,"Ito, K.; Li, Hong-ling; Saito, Y.; Yamamoto, T.; Nishihara, Y.; Ujihira, Y.; Nomura, K.,Journal of Radioanalytical and Nuclear Chemistry,255,3,437-441,2003",0030106-001-005-001,
P900017,poly[ethene-co-(vinyl alcohol)],U,CU030001,PVAL,*CC(O)*,CU010001,PE,*C*,29,mol%,40,DSC,,86000,"Yamamoto, Tomoyuki; Kanda, Taiji; Nishihara, Yuko; Ooshima, Tetsuya; Saito, Yoichiro,Journal of Polymer Science, Part B: Polymer Physics,47,12,1181-1191,2009",0040386-001-001-001,
P900017,poly[ethene-co-(vinyl alcohol)],U,CU030001,PVAL,*CC(O)*,CU010001,PE,*C*,71,mol%,47,DSC,,,"Cerrada, Maria L.; Serrano, Cristina; Sanchez-Chaves, Manuel; Fernandez-Garcia, Marta; Fernandez-Martin, Fernando; de Andres, Alicia; Rioboo, Rafael J. Jimenez; Kubacka, Anna; Ferrer, Manuel; Fernandez-Garcia, Marcos,Advanced Functional Materials,18,13,1949-1960,2008",0041361-001-001-001,
P900018,poly[ethene-co-(maleic anhydride)],U,CU010001,PE,*C*,CU049017,poly(maleic anhydride),*C1C(=O)OC(=O)C1*,50,mol%,143.7,DSC,,,"Percec, Simona; Hammond, Terry,Polymer,32,7,1252-1257,1991",0012720-002-001-001,
P906070,"poly{1-(methoxycarbonyl)-1-methylethylene/1-[4-(5-methyl-2,4-dioxo-1,2,3,4-tetrahydropyrimidin-1-ylmethyl)phenyl]ethylene}",U,CU322143,,*CC(c1ccc(cc1)Cn1cc(C)c(=O)[nH]c1=O)*,CU040048,PMMA,*C(C(=O)OC)(C*)C,0.9,mol%,103,DSC,,37700,"Kuo, Shiao-Wei; Tsai, Hsin-Tung,Macromolecules,42,13,4701-4711,2009",0040509-002-001-001,
P906301,poly{1-(methoxycarbonyl)-1-methylethylene/1-methyl-1-[2-(4-methyl-2-oxo-2H-chromen-7-yloxy)ethoxycarbonyl]thylene},U,CU040048,PMMA,*C(C(=O)OC)(C*)C,CU342581,,*CC(C(=O)OCCOc1ccc2c(c1)c(C)cc(=O)o2)(C)*,98.9,mol%,124,DSC,,,"Sinkel, Carsten; Greiner, Andreas; Agarwal, Seema,Macromolecular Chemistry and Physics,211,17,1857-1867,2010",0041685-001-001-001,
P900025,poly[(methyl acrylate)-co-(methyl methacrylate)],U,CU040048,PMMA,*C(C(=O)OC)(C*)C,CU040002,PMA,*C(C(=O)OC)C*,75,mol%,84,,,,"Fujino, Kiyohisa; Senshu, Kazuo; Kwai, Hiromichi,Journal of Colloid Science,16,262-283,1961",0014987-002-001-002,
P900025,poly[(methyl acrylate)-co-(methyl methacrylate)],U,CU040048,PMMA,*C(C(=O)OC)(C*)C,CU040002,PMA,*C(C(=O)OC)C*,61,mol%,49,,,,"Fujino, Kiyohisa; Senshu, Kazuo; Kwai, Hiromichi,Journal of Colloid Science,16,262-283,1961",0014987-002-002-002,
P900025,poly[(methyl acrylate)-co-(methyl methacrylate)],U,CU040048,PMMA,*C(C(=O)OC)(C*)C,CU040002,PMA,*C(C(=O)OC)C*,42,mol%,46,Tensile tester,,,"Fujino, Kiyohisa; Senshu, Kazuo; Kwai, Hiromichi,Journal of Colloid Science,16,262-283,1961",0014987-002-003-002,
P900025,poly[(methyl acrylate)-co-(methyl methacrylate)],U,CU040048,PMMA,*C(C(=O)OC)(C*)C,CU040002,PMA,*C(C(=O)OC)C*,95,wt%,109.4,DSC,,,"Altstaedt, V.; De Lucca Freitas, L.; Schubert, D. W.; Michler, G. H.; Ramsteiner, F.; Pukanszky, B.; Glas, L.; Williams, J. P.; Moore, D. R.,Pure and Applied Chemistry,76,2,389-413,2004",0029347-002-001-001,
P900025,poly[(methyl acrylate)-co-(methyl methacrylate)],U,CU040048,PMMA,*C(C(=O)OC)(C*)C,CU040002,PMA,*C(C(=O)OC)C*,,,19.2,DSC,,,"Lin, Keng-Jen; Lee, Chia-Hsin; Lin, King-Fu,Journal of Polymer Science, Part B: Polymer Physics,48,10,1064-1069,2010",0042621-001-001-001,
P900025,poly[(methyl acrylate)-co-(methyl methacrylate)],U,CU040048,PMMA,*C(C(=O)OC)(C*)C,CU040002,PMA,*C(C(=O)OC)C*,,,26.4,DMA,,,"Lin, Keng-Jen; Lee, Chia-Hsin; Lin, King-Fu,Journal of Polymer Science, Part B: Polymer Physics,48,10,1064-1069,2010",0042621-002-001-001,
P900025,poly[(methyl acrylate)-co-(methyl methacrylate)],U,CU040048,PMMA,*C(C(=O)OC)(C*)C,CU040002,PMA,*C(C(=O)OC)C*,0.735,mol%,78.8,DSC,,,"Fernandez-Garcia, M.; Lopez-Gonzalez, M. M.; Barrales-Rienda, J. M.; Madruga, E. L.; Arias, C.,Journal of Polymer Science, Part B: Polymer Physics,32,7,1191-1203,1994",0075125-001-002-001,
P900025,poly[(methyl acrylate)-co-(methyl methacrylate)],U,CU040048,PMMA,*C(C(=O)OC)(C*)C,CU040002,PMA,*C(C(=O)OC)C*,0.675,mol%,74.6,DSC,,,"Fernandez-Garcia, M.; Lopez-Gonzalez, M. M.; Barrales-Rienda, J. M.; Madruga, E. L.; Arias, C.,Journal of Polymer Science, Part B: Polymer Physics,32,7,1191-1203,1994",0075125-001-003-001,
P900025,poly[(methyl acrylate)-co-(methyl methacrylate)],U,CU040048,PMMA,*C(C(=O)OC)(C*)C,CU040002,PMA,*C(C(=O)OC)C*,0.479,mol%,54.2,DSC,,,"Fernandez-Garcia, M.; Lopez-Gonzalez, M. M.; Barrales-Rienda, J. M.; Madruga, E. L.; Arias, C.,Journal of Polymer Science, Part B: Polymer Physics,32,7,1191-1203,1994",0075125-001-004-001,
P900025,poly[(methyl acrylate)-co-(methyl methacrylate)],U,CU040048,PMMA,*C(C(=O)OC)(C*)C,CU040002,PMA,*C(C(=O)OC)C*,0.404,mol%,44.1,DSC,,,"Fernandez-Garcia, M.; Lopez-Gonzalez, M. M.; Barrales-Rienda, J. M.; Madruga, E. L.; Arias, C.,Journal of Polymer Science, Part B: Polymer Physics,32,7,1191-1203,1994",0075125-001-005-001,
P900025,poly[(methyl acrylate)-co-(methyl methacrylate)],U,CU040048,PMMA,*C(C(=O)OC)(C*)C,CU040002,PMA,*C(C(=O)OC)C*,0.329,mol%,40.9,DSC,,,"Fernandez-Garcia, M.; Lopez-Gonzalez, M. M.; Barrales-Rienda, J. M.; Madruga, E. L.; Arias, C.,Journal of Polymer Science, Part B: Polymer Physics,32,7,1191-1203,1994",0075125-001-006-001,
P900025,poly[(methyl acrylate)-co-(methyl methacrylate)],U,CU040048,PMMA,*C(C(=O)OC)(C*)C,CU040002,PMA,*C(C(=O)OC)C*,0.819,mol%,94.6,DSC,,,"Fernandez-Garcia, M.; Lopez-Gonzalez, M. M.; Barrales-Rienda, J. M.; Madruga, E. L.; Arias, C.,Journal of Polymer Science, Part B: Polymer Physics,32,7,1191-1203,1994",0075125-001-009-001,
P900025,poly[(methyl acrylate)-co-(methyl methacrylate)],U,CU040048,PMMA,*C(C(=O)OC)(C*)C,CU040002,PMA,*C(C(=O)OC)C*,0.750,mol%,77.2,DSC,,,"Fernandez-Garcia, M.; Lopez-Gonzalez, M. M.; Barrales-Rienda, J. M.; Madruga, E. L.; Arias, C.,Journal of Polymer Science, Part B: Polymer Physics,32,7,1191-1203,1994",0075125-001-010-001,
P900025,poly[(methyl acrylate)-co-(methyl methacrylate)],U,CU040048,PMMA,*C(C(=O)OC)(C*)C,CU040002,PMA,*C(C(=O)OC)C*,0.675,mol%,76.2,DSC,,,"Fernandez-Garcia, M.; Lopez-Gonzalez, M. M.; Barrales-Rienda, J. M.; Madruga, E. L.; Arias, C.,Journal of Polymer Science, Part B: Polymer Physics,32,7,1191-1203,1994",0075125-001-012-001,
P900026,poly[styrene-co-(methyl methacrylate)],U,CU040048,PMMA,*C(C(=O)OC)(C*)C,CU020001,PS,*CC(c1ccccc1)*,4.5,wt%,98,DSC,,281000,"Merfeld, G. D.; Maa, T. T.; Chan, K.; Paul, D. R.,Polymer,41,2,663-674,1999",0022312-010-001-001,
P900026,poly[styrene-co-(methyl methacrylate)],U,CU040048,PMMA,*C(C(=O)OC)(C*)C,CU020001,PS,*CC(c1ccccc1)*,20.5,wt%,98,DSC,,270000,"Merfeld, G. D.; Maa, T. T.; Chan, K.; Paul, D. R.,Polymer,41,2,663-674,1999",0022312-010-004-001,
P900026,poly[styrene-co-(methyl methacrylate)],U,CU040048,PMMA,*C(C(=O)OC)(C*)C,CU020001,PS,*CC(c1ccccc1)*,32.5,wt%,95,DSC,,167000,"Merfeld, G. D.; Maa, T. T.; Chan, K.; Paul, D. R.,Polymer,41,2,663-674,1999",0022312-010-005-001,
P900026,poly[styrene-co-(methyl methacrylate)],U,CU040048,PMMA,*C(C(=O)OC)(C*)C,CU020001,PS,*CC(c1ccccc1)*,65,wt%,100,,,,"Seitz, J. T.,Journal of Applied Polymer Science,49,8,1331-1351,1993",0075399-015-001-001,
P900027,"poly[tetrafluoroethene-co-(1,1-difluoroethene)]",U,CU050006,PTFE,*C(F)(F)*,CU050003,PVDF,*CC(F)(F)*,16,mol%,-45,Thermally stimulated depolarization current,,,"Xun, Wen Jian; Takamatsu, Toshiaki,Kobunshi Ronbunshu,40,3,135-141,1983",0010851-001-001-001,
P900027,"poly[tetrafluoroethene-co-(1,1-difluoroethene)]",U,CU050006,PTFE,*C(F)(F)*,CU050003,PVDF,*CC(F)(F)*,3.6,mol%,-40,,,,"Huang, Jiang; Marand, Herve,Macromolecules,30,4,1069-1073,1997",0020554-002-001-001,
P900028,poly[(vinyl alcohol)-co-(vinyl acetate)],U,CU030001,PVAL,*CC(O)*,CU030024,PVAC,*C(OC(=O)C)C*,88,mol%,70,DSC,,,"Every, H. A.; Zhou, F.; Forsyth, M.; MacFarlane, D. R.,Electrochimica Acta,43,10-11,1465-1469,1998",0020944-001-001-001,
P900028,poly[(vinyl alcohol)-co-(vinyl acetate)],U,CU030001,PVAL,*CC(O)*,CU030024,PVAC,*C(OC(=O)C)C*,,,55,DSC,,,"Forsyth, M.; Every, H. A.; Zhou, F.; MacFarlane, D. R.,ACS Symposium Series,710,367-382,1998",0021624-005-001-001,
P900028,poly[(vinyl alcohol)-co-(vinyl acetate)],U,CU030001,PVAL,*CC(O)*,CU030024,PVAC,*C(OC(=O)C)C*,98,mol%,88,Dynamic IR,,,"Yoshida, Shohei,Kobunshi Ronbunshu,59,1,35-43,2002",0025622-001-001-001,
P900028,poly[(vinyl alcohol)-co-(vinyl acetate)],U,CU030001,PVAL,*CC(O)*,CU030024,PVAC,*C(OC(=O)C)C*,,,46,DSC,,,"Abou-Aiad, T. H.; El-Sabee, M. Z.; Abd-El-Nour, K. N.; Saad, G. R.; El-Sayed, El-Sayed A.; Gaafar, E. A.,Journal of Applied Polymer Science,86,9,2363-2374,2002",0027712-003-001-001,
P900028,poly[(vinyl alcohol)-co-(vinyl acetate)],U,CU030001,PVAL,*CC(O)*,CU030024,PVAC,*C(OC(=O)C)C*,80,mol%,70,DSC,,,"Huang, He; Gu, Lixia; Ozaki, Yukihiro,Polymer,47,11,3935-3945,2006",0033819-001-001-001,
P900028,poly[(vinyl alcohol)-co-(vinyl acetate)],U,CU030001,PVAL,*CC(O)*,CU030024,PVAC,*C(OC(=O)C)C*,91.8,wt%,53.9,DSC,,,"Iordanskii, A. L.; Pankova, Yu. N.; Yakovlev, V. V.; Ol'khov, A. A.; Shershnev, V. A.; Vlasov, S. V.; Potapov, E. E.,Polymer Analysis, Degradation, and Stabilization,1-14,2005",0034053-004-001-001,
P900028,poly[(vinyl alcohol)-co-(vinyl acetate)],U,CU030001,PVAL,*CC(O)*,CU030024,PVAC,*C(OC(=O)C)C*,88,mol%,68.6,DSC,,,"Cao, Y. X.; Du, F. G.; Wang, X. L.; Meng, Y. Z.,Polymers & Polymer Composites,14,6,577-584,2006",0036993-002-001-001,
P900001,poly[(acrylic acid)-co-(butyl acrylate)],U,CU040006,PBA,CCCCOC(=O)C(C*)*,CU040001,PAA,*C(C(=O)O)C*,0,mol%,-36,,79300,291600,"Kim, Hyun-Joong; Mizumachi, Hiroshi,Journal of Applied Polymer Science,58,10,1891-1899,1995",,from_related_table
P900001,poly[(acrylic acid)-co-(butyl acrylate)],U,CU040006,PBA,CCCCOC(=O)C(C*)*,CU040001,PAA,*C(C(=O)O)C*,3,mol%,-42,,112300,417600,"Kim, Hyun-Joong; Mizumachi, Hiroshi,Journal of Applied Polymer Science,58,10,1891-1899,1995",,from_related_table
P900001,poly[(acrylic acid)-co-(butyl acrylate)],U,CU040006,PBA,CCCCOC(=O)C(C*)*,CU040001,PAA,*C(C(=O)O)C*,5,mol%,-29,,187600,362100,"Kim, Hyun-Joong; Mizumachi, Hiroshi,Journal of Applied Polymer Science,58,10,1891-1899,1995",,from_related_table
P900001,poly[(acrylic acid)-co-(butyl acrylate)],U,CU040006,PBA,CCCCOC(=O)C(C*)*,CU040001,PAA,*C(C(=O)O)C*,7,mol%,-23,,154000,302500,"Kim, Hyun-Joong; Mizumachi, Hiroshi,Journal of Applied Polymer Science,58,10,1891-1899,1995",,from_related_table
P900001,poly[(acrylic acid)-co-(butyl acrylate)],U,CU040006,PBA,CCCCOC(=O)C(C*)*,CU040001,PAA,*C(C(=O)O)C*,10,mol%,-21,,110800,241900,"Kim, Hyun-Joong; Mizumachi, Hiroshi,Journal of Applied Polymer Science,58,10,1891-1899,1995",,from_related_table
P900001,poly[(acrylic acid)-co-(butyl acrylate)],U,CU040006,PBA,CCCCOC(=O)C(C*)*,CU040001,PAA,*C(C(=O)O)C*,15,mol%,-17,,9600,15900,"Kim, Hyun-Joong; Mizumachi, Hiroshi,Journal of Applied Polymer Science,58,10,1891-1899,1995",,from_related_table
P900005,poly[acrylonitrile-co-(ethyl acrylate)],U,CU030010,PAN,*C(C#N)C*,CU040003,poly(ethyl acrylate),CCOC(=O)C(C*)*,0,wt%,105,,,,"Penzel, E.; Rieger, J.; Schneider, H. A.,Polymer,38,2,325-337,1997",,from_related_table
P900005,poly[acrylonitrile-co-(ethyl acrylate)],U,CU030010,PAN,*C(C#N)C*,CU040003,poly(ethyl acrylate),CCOC(=O)C(C*)*,20,wt%,91,,,,"Penzel, E.; Rieger, J.; Schneider, H. A.,Polymer,38,2,325-337,1997",,from_related_table
P900005,poly[acrylonitrile-co-(ethyl acrylate)],U,CU030010,PAN,*C(C#N)C*,CU040003,poly(ethyl acrylate),CCOC(=O)C(C*)*,40,wt%,75,,,,"Penzel, E.; Rieger, J.; Schneider, H. A.,Polymer,38,2,325-337,1997",,from_related_table
P900005,poly[acrylonitrile-co-(ethyl acrylate)],U,CU030010,PAN,*C(C#N)C*,CU040003,poly(ethyl acrylate),CCOC(=O)C(C*)*,60,wt%,62,,,,"Penzel, E.; Rieger, J.; Schneider, H. A.,Polymer,38,2,325-337,1997",,from_related_table
P900005,poly[acrylonitrile-co-(ethyl acrylate)],U,CU030010,PAN,*C(C#N)C*,CU040003,poly(ethyl acrylate),CCOC(=O)C(C*)*,80,wt%,41,,,,"Penzel, E.; Rieger, J.; Schneider, H. A.,Polymer,38,2,325-337,1997",,from_related_table
P900005,poly[acrylonitrile-co-(ethyl acrylate)],U,CU030010,PAN,*C(C#N)C*,CU040003,poly(ethyl acrylate),CCOC(=O)C(C*)*,100,wt%,32,,,,"Penzel, E.; Rieger, J.; Schneider, H. A.,Polymer,38,2,325-337,1997",,from_related_table
P900007,poly(acrylonitrile-co-styrene),U,CU020001,PS,*CC(c1ccccc1)*,CU030010,PAN,*C(C#N)C*,70,wt%,108,,,,"Daly, John H.; Guest, Martin J.; Hayward, David; Pethrick, Richard A.,Polymer Communications,31,8,325-329,1990",,from_related_table
P900012,"poly{poly(dimethylsiloxane)-ran-poly[1,4-phenylenebis(dimethylsilanol)]}",U,CU170031,PDMS,*O[Si](C)(C)*,CU170064,"poly[alpha,alpha,alpha',alpha'-tetramethylbenzene-1,4-disilanol]",*O[Si](c1ccc(cc1)[Si](C)(C)*)(C)C,100,mol%,-21,,,,"Okui, N.; Li, H. M.; Magill, J. H.,Polymer,19,411-415,1978",,from_related_table
P900012,"poly{poly(dimethylsiloxane)-ran-poly[1,4-phenylenebis(dimethylsilanol)]}",U,CU170031,PDMS,*O[Si](C)(C)*,CU170064,"poly[alpha,alpha,alpha',alpha'-tetramethylbenzene-1,4-disilanol]",*O[Si](c1ccc(cc1)[Si](C)(C)*)(C)C,90,mol%,-39,,,,"Okui, N.; Li, H. M.; Magill, J. H.,Polymer,19,411-415,1978",,from_related_table
P900012,"poly{poly(dimethylsiloxane)-ran-poly[1,4-phenylenebis(dimethylsilanol)]}",U,CU170031,PDMS,*O[Si](C)(C)*,CU170064,"poly[alpha,alpha,alpha',alpha'-tetramethylbenzene-1,4-disilanol]",*O[Si](c1ccc(cc1)[Si](C)(C)*)(C)C,80,mol%,-53,,,,"Okui, N.; Li, H. M.; Magill, J. H.,Polymer,19,411-415,1978",,from_related_table
P900012,"poly{poly(dimethylsiloxane)-ran-poly[1,4-phenylenebis(dimethylsilanol)]}",U,CU170031,PDMS,*O[Si](C)(C)*,CU170064,"poly[alpha,alpha,alpha',alpha'-tetramethylbenzene-1,4-disilanol]",*O[Si](c1ccc(cc1)[Si](C)(C)*)(C)C,40,mol%,-110,,,,"Okui, N.; Li, H. M.; Magill, J. H.,Polymer,19,411-415,1978",,from_related_table
P900012,"poly{poly(dimethylsiloxane)-ran-poly[1,4-phenylenebis(dimethylsilanol)]}",U,CU170031,PDMS,*O[Si](C)(C)*,CU170064,"poly[alpha,alpha,alpha',alpha'-tetramethylbenzene-1,4-disilanol]",*O[Si](c1ccc(cc1)[Si](C)(C)*)(C)C,30,mol%,-120,,,,"Okui, N.; Li, H. M.; Magill, J. H.,Polymer,19,411-415,1978",,from_related_table
P900012,"poly{poly(dimethylsiloxane)-ran-poly[1,4-phenylenebis(dimethylsilanol)]}",U,CU170031,PDMS,*O[Si](C)(C)*,CU170064,"poly[alpha,alpha,alpha',alpha'-tetramethylbenzene-1,4-disilanol]",*O[Si](c1ccc(cc1)[Si](C)(C)*)(C)C,0,mol%,-123,,,,"Okui, N.; Li, H. M.; Magill, J. H.,Polymer,19,411-415,1978",,from_related_table
P900015,poly[ethene-co-(prop-1-ene)],U,CU010001,PE,*C*,CU010002,PP,*CC(C)*,100,mol%,11,,,,"Wang, H.; Ansems, P.; Chum, S. P.; Hiltner, A.; Baer, E.,Annual Technical Conference - Society of Plastics Engineers,63rd,1232-1236,2005",,from_related_table
P900015,poly[ethene-co-(prop-1-ene)],U,CU010001,PE,*C*,CU010002,PP,*CC(C)*,95.7,mol%,6,,,,"Wang, H.; Ansems, P.; Chum, S. P.; Hiltner, A.; Baer, E.,Annual Technical Conference - Society of Plastics Engineers,63rd,1232-1236,2005",,from_related_table
P900015,poly[ethene-co-(prop-1-ene)],U,CU010001,PE,*C*,CU010002,PP,*CC(C)*,92.4,mol%,0,,,,"Wang, H.; Ansems, P.; Chum, S. P.; Hiltner, A.; Baer, E.,Annual Technical Conference - Society of Plastics Engineers,63rd,1232-1236,2005",,from_related_table
P900015,poly[ethene-co-(prop-1-ene)],U,CU010001,PE,*C*,CU010002,PP,*CC(C)*,87.9,mol%,-5,,,,"Wang, H.; Ansems, P.; Chum, S. P.; Hiltner, A.; Baer, E.,Annual Technical Conference - Society of Plastics Engineers,63rd,1232-1236,2005",,from_related_table
P900015,poly[ethene-co-(prop-1-ene)],U,CU010001,PE,*C*,CU010002,PP,*CC(C)*,83.9,mol%,-10,,,,"Wang, H.; Ansems, P.; Chum, S. P.; Hiltner, A.; Baer, E.,Annual Technical Conference - Society of Plastics Engineers,63rd,1232-1236,2005",,from_related_table
P900015,poly[ethene-co-(prop-1-ene)],U,CU010001,PE,*C*,CU010002,PP,*CC(C)*,80.8,mol%,-17,,,,"Wang, H.; Ansems, P.; Chum, S. P.; Hiltner, A.; Baer, E.,Annual Technical Conference - Society of Plastics Engineers,63rd,1232-1236,2005",,from_related_table
P900015,poly[ethene-co-(prop-1-ene)],U,CU010001,PE,*C*,CU010002,PP,*CC(C)*,68,mol%,-59,,,,"Zannetti, R.;Manaresi, P.; Baldi, L.,Journal of Polymer Science,62,S33,1962",,from_related_table
P900015,poly[ethene-co-(prop-1-ene)],U,CU010001,PE,*C*,CU010002,PP,*CC(C)*,57,mol%,-58,,,,"Zannetti, R.;Manaresi, P.; Baldi, L.,Journal of Polymer Science,62,S33,1962",,from_related_table
P900016,poly[ethene-co-(vinyl acetate)],U,CU010001,PE,*C*,CU030024,PVAC,*C(OC(=O)C)C*,100,wt%,35,DSC,,,"Bott, R. H.; Kuphal, J. A.; Robeson, L. M.; Sagl, D.,Journal of Applied Polymer Science,58,9,1593-1605,1995",,from_related_table
P900016,poly[ethene-co-(vinyl acetate)],U,CU010001,PE,*C*,CU030024,PVAC,*C(OC(=O)C)C*,70,wt%,-9,DSC,,,"Bott, R. H.; Kuphal, J. A.; Robeson, L. M.; Sagl, D.,Journal of Applied Polymer Science,58,9,1593-1605,1995",,from_related_table
P900016,poly[ethene-co-(vinyl acetate)],U,CU010001,PE,*C*,CU030024,PVAC,*C(OC(=O)C)C*,50,wt%,21,DSC,,,"Bott, R. H.; Kuphal, J. A.; Robeson, L. M.; Sagl, D.,Journal of Applied Polymer Science,58,9,1593-1605,1995",,from_related_table
P900016,poly[ethene-co-(vinyl acetate)],U,CU010001,PE,*C*,CU030024,PVAC,*C(OC(=O)C)C*,0,wt%,-40,DMA,,,"Bott, R. H.; Kuphal, J. A.; Robeson, L. M.; Sagl, D.,Journal of Applied Polymer Science,58,9,1593-1605,1995",,from_related_table
P900016,poly[ethene-co-(vinyl acetate)],U,CU010001,PE,*C*,CU030024,PVAC,*C(OC(=O)C)C*,100,wt%,40,DMA,,,"Bott, R. H.; Kuphal, J. A.; Robeson, L. M.; Sagl, D.,Journal of Applied Polymer Science,58,9,1593-1605,1995",,from_related_table
P900016,poly[ethene-co-(vinyl acetate)],U,CU010001,PE,*C*,CU030024,PVAC,*C(OC(=O)C)C*,50,wt%,36,DSC,,,"Bott, R. H.; Kuphal, J. A.; Robeson, L. M.; Sagl, D.,Journal of Applied Polymer Science,58,9,1593-1605,1995",,from_related_table
P900016,poly[ethene-co-(vinyl acetate)],U,CU010001,PE,*C*,CU030024,PVAC,*C(OC(=O)C)C*,0,wt%,-55,DMA,,,"Bott, R. H.; Kuphal, J. A.; Robeson, L. M.; Sagl, D.,Journal of Applied Polymer Science,58,9,1593-1605,1995",,from_related_table
P900016,poly[ethene-co-(vinyl acetate)],U,CU010001,PE,*C*,CU030024,PVAC,*C(OC(=O)C)C*,100,wt%,-9,DSC,,,"Bott, R. H.; Kuphal, J. A.; Robeson, L. M.; Sagl, D.,Journal of Applied Polymer Science,58,9,1593-1605,1995",,from_related_table
P900016,poly[ethene-co-(vinyl acetate)],U,CU010001,PE,*C*,CU030024,PVAC,*C(OC(=O)C)C*,50,wt%,-8,DSC,,,"Bott, R. H.; Kuphal, J. A.; Robeson, L. M.; Sagl, D.,Journal of Applied Polymer Science,58,9,1593-1605,1995",,from_related_table
P900016,poly[ethene-co-(vinyl acetate)],U,CU010001,PE,*C*,CU030024,PVAC,*C(OC(=O)C)C*,50,wt%,-10,DSC,,,"Bott, R. H.; Kuphal, J. A.; Robeson, L. M.; Sagl, D.,Journal of Applied Polymer Science,58,9,1593-1605,1995",,from_related_table
P900016,poly[ethene-co-(vinyl acetate)],U,CU010001,PE,*C*,CU030024,PVAC,*C(OC(=O)C)C*,94,wt%,19,,,,"Bott, R. H.; Kuphal, J. A.; Robeson, L. M.; Sagl, D.,Journal of Applied Polymer Science,58,9,1593-1605,1995",,from_related_table
P900016,poly[ethene-co-(vinyl acetate)],U,CU010001,PE,*C*,CU030024,PVAC,*C(OC(=O)C)C*,88,wt%,7,,,,"Bott, R. H.; Kuphal, J. A.; Robeson, L. M.; Sagl, D.,Journal of Applied Polymer Science,58,9,1593-1605,1995",,from_related_table
P900016,poly[ethene-co-(vinyl acetate)],U,CU010001,PE,*C*,CU030024,PVAC,*C(OC(=O)C)C*,75,wt%,-4,,,,"Bott, R. H.; Kuphal, J. A.; Robeson, L. M.; Sagl, D.,Journal of Applied Polymer Science,58,9,1593-1605,1995",,from_related_table
P900016,poly[ethene-co-(vinyl acetate)],U,CU010001,PE,*C*,CU030024,PVAC,*C(OC(=O)C)C*,65,wt%,-17,,,,"Bott, R. H.; Kuphal, J. A.; Robeson, L. M.; Sagl, D.,Journal of Applied Polymer Science,58,9,1593-1605,1995",,from_related_table
P900016,poly[ethene-co-(vinyl acetate)],U,CU010001,PE,*C*,CU030024,PVAC,*C(OC(=O)C)C*,0,wt%,130,,,,"Bott, R. H.; Kuphal, J. A.; Robeson, L. M.; Sagl, D.,Journal of Applied Polymer Science,58,9,1593-1605,1995",,from_related_table
P900016,poly[ethene-co-(vinyl acetate)],U,CU010001,PE,*C*,CU030024,PVAC,*C(OC(=O)C)C*,0,wt%,144,,,,"Bott, R. H.; Kuphal, J. A.; Robeson, L. M.; Sagl, D.,Journal of Applied Polymer Science,58,9,1593-1605,1995",,from_related_table
P900016,poly[ethene-co-(vinyl acetate)],U,CU010001,PE,*C*,CU030024,PVAC,*C(OC(=O)C)C*,0,wt%,125,,,,"Bott, R. H.; Kuphal, J. A.; Robeson, L. M.; Sagl, D.,Journal of Applied Polymer Science,58,9,1593-1605,1995",,from_related_table
P900016,poly[ethene-co-(vinyl acetate)],U,CU010001,PE,*C*,CU030024,PVAC,*C(OC(=O)C)C*,0,wt%,137,,,,"Bott, R. H.; Kuphal, J. A.; Robeson, L. M.; Sagl, D.,Journal of Applied Polymer Science,58,9,1593-1605,1995",,from_related_table
P900016,poly[ethene-co-(vinyl acetate)],U,CU010001,PE,*C*,CU030024,PVAC,*C(OC(=O)C)C*,72,wt%,-16.0,DSC,,,"Barrueso-Martinez, Maria L.; Ferrandiz-Gomez, Teresa P.; Cepeda-Jimenez, Carmen M.; Sepulcre-Guilabert, Jose; Martin-Martinez, Jose Miguel,Journal of Adhesion Science and Technology,15,2,243-263,2001",,from_related_table
P900016,poly[ethene-co-(vinyl acetate)],U,CU010001,PE,*C*,CU030024,PVAC,*C(OC(=O)C)C*,67,wt%,-16.0,DSC,,,"Barrueso-Martinez, Maria L.; Ferrandiz-Gomez, Teresa P.; Cepeda-Jimenez, Carmen M.; Sepulcre-Guilabert, Jose; Martin-Martinez, Jose Miguel,Journal of Adhesion Science and Technology,15,2,243-263,2001",,from_related_table
P900016,poly[ethene-co-(vinyl acetate)],U,CU010001,PE,*C*,CU030024,PVAC,*C(OC(=O)C)C*,60.5,wt%,-15.0,DSC,,,"Barrueso-Martinez, Maria L.; Ferrandiz-Gomez, Teresa P.; Cepeda-Jimenez, Carmen M.; Sepulcre-Guilabert, Jose; Martin-Martinez, Jose Miguel,Journal of Adhesion Science and Technology,15,2,243-263,2001",,from_related_table
P900017,poly[ethene-co-(vinyl alcohol)],U,CU030001,PVAL,*CC(O)*,CU010001,PE,*C*,0,mol%,66,,,,"Ito, K.; Li, Hong-ling; Saito, Y.; Yamamoto, T.; Nishihara, Y.; Ujihira, Y.; Nomura, K.,Journal of Radioanalytical and Nuclear Chemistry,255,3,437-441,2003",,from_related_table
P900017,poly[ethene-co-(vinyl alcohol)],U,CU030001,PVAL,*CC(O)*,CU010001,PE,*C*,28,mol%,60,,,,"Ito, K.; Li, Hong-ling; Saito, Y.; Yamamoto, T.; Nishihara, Y.; Ujihira, Y.; Nomura, K.,Journal of Radioanalytical and Nuclear Chemistry,255,3,437-441,2003",,from_related_table
P900017,poly[ethene-co-(vinyl alcohol)],U,CU030001,PVAL,*CC(O)*,CU010001,PE,*C*,32,mol%,55,,,,"Ito, K.; Li, Hong-ling; Saito, Y.; Yamamoto, T.; Nishihara, Y.; Ujihira, Y.; Nomura, K.,Journal of Radioanalytical and Nuclear Chemistry,255,3,437-441,2003",,from_related_table
P900017,poly[ethene-co-(vinyl alcohol)],U,CU030001,PVAL,*CC(O)*,CU010001,PE,*C*,38,mol%,55,,,,"Ito, K.; Li, Hong-ling; Saito, Y.; Yamamoto, T.; Nishihara, Y.; Ujihira, Y.; Nomura, K.,Journal of Radioanalytical and Nuclear Chemistry,255,3,437-441,2003",,from_related_table
P900017,poly[ethene-co-(vinyl alcohol)],U,CU030001,PVAL,*CC(O)*,CU010001,PE,*C*,43,mol%,40,,,,"Ito, K.; Li, Hong-ling; Saito, Y.; Yamamoto, T.; Nishihara, Y.; Ujihira, Y.; Nomura, K.,Journal of Radioanalytical and Nuclear Chemistry,255,3,437-441,2003",,from_related_table
P900017,poly[ethene-co-(vinyl alcohol)],U,CU030001,PVAL,*CC(O)*,CU010001,PE,*C*,49,mol%,38,,,,"Ito, K.; Li, Hong-ling; Saito, Y.; Yamamoto, T.; Nishihara, Y.; Ujihira, Y.; Nomura, K.,Journal of Radioanalytical and Nuclear Chemistry,255,3,437-441,2003",,from_related_table
P900017,poly[ethene-co-(vinyl alcohol)],U,CU030001,PVAL,*CC(O)*,CU010001,PE,*C*,74,mol%,30,,,,"Ito, K.; Li, Hong-ling; Saito, Y.; Yamamoto, T.; Nishihara, Y.; Ujihira, Y.; Nomura, K.,Journal of Radioanalytical and Nuclear Chemistry,255,3,437-441,2003",,from_related_table
P900017,poly[ethene-co-(vinyl alcohol)],U,CU030001,PVAL,*CC(O)*,CU010001,PE,*C*,100,mol%,-20,,,,"Ito, K.; Li, Hong-ling; Saito, Y.; Yamamoto, T.; Nishihara, Y.; Ujihira, Y.; Nomura, K.,Journal of Radioanalytical and Nuclear Chemistry,255,3,437-441,2003",,from_related_table
